id,nombre,direccion,telefono
1,juan,Pirineos,12345
2,pedro,23 de enero,12345
3,pablo,23 de enero,12345
4,pepe,tariba,12345
5,santiago,patiecitos,12345
6,dylan,capacho,12345
7,jesus,calle 2,12345
8,Manuel,calle 3,12345
9,Oriana,palmira,12345
10,willi,calle 5,12345
11,kevin,calle 6,12345
12,Sebastian,calle 7,12345
13,Camila,21 de mayo,12345
14,Camilo,21 de mayo,12345
15,isa,capacho,12345
16,isbell,23 de enero,12345
17,samanta,Pirineos,12345
18,angel,calle 6,12345
19,Abraham,calle 2,12345
20,angela,calle 5,12345
21,Adrian,tariba,12345
22,Yilmar,Pirineos,12345
23,Eduardo,23 de enero,12345
24,Jeferson,23 de enero,12345
25,alex,21 de mayo,12345
26,cristian,tariba,12345
27,jose,palmira,12345
28,sergio,Pirineos,12345
29,lidia,Pirineos,12345
30,liztania,calle 6,12345
31,isidro,rubio,12345
32,andres,rubio,12345
33,Josmar,calle 5,12345
34,Luisa,palmira,12345
35,Luis,calle 3,12345
36,Manuela,calle 7,12345
37,Vicente,23 de enero,12345
38,Melvin,rubio,12345
39,Valeria,calle 7,12345
40,Daniel,capacho,12345
41,Daniela,21 de mayo,12345
42,Katherine,tariba,12345
43,Victor,calle 6,12345
44,Gabriel,calle 7,12345
45,Edson,palmira,12345
46,Jesus,tariba,12345
47,Lisa,calle 7,12345
48,isa,capacho,12345
49,mariana,23 de enero,12345
50,Saireth,calle 2,12345
51,Maria,23 de enero,12345
52,andy,Pirineos,12345
53,Luisana,tariba,12345
54,Ana,patiecitos,12345
55,Elizabeth,21 de mayo,12345
56,julio,samanta,Pirineos,12345
57,juliana,21 de mayo,12345
58,felipe,capacho,12345
59,alfredo,calle 7,12345
60,juana,calle 2,12345
